hour,day,is_weekend,rainfall_mm,density,avg_speed
0,2,0,1.291668457996057,51,29
1,2,0,13.895650229995452,21,61
2,2,0,4.0647729704655,21,61
3,2,0,29.275854116761717,14,66
4,2,0,15.375332993088476,10,68
5,2,0,11.63647807493025,14,62
6,2,0,18.688903504447456,61,24
7,2,0,3.952066192671695,66,15
8,2,0,9.670434360555088,70,15
9,2,0,22.102946955435552,73,10
10,2,0,10.805003482065269,93,10
11,2,0,16.5339369075853,60,24
12,2,0,23.56345264299495,62,13
13,2,0,6.761752032589793,68,10
14,2,0,0.6415280594602979,68,10
15,2,0,12.537135233299137,61,14
16,2,0,6.041222227662376,51,24
17,2,0,15.5782992501411,94,10
18,2,0,24.702776112717203,85,10
19,2,0,4.520311884946847,88,10
20,2,0,29.506282389296313,69,10
21,2,0,28.557010594929714,61,14
22,2,0,0.34114184589811636,49,26
23,2,0,20.39350852679961,46,29
0,3,0,16.220272298234196,64,19
1,3,0,19.869020128485417,18,67
2,3,0,7.870118538065246,18,62
3,3,0,21.65040061638556,19,59
4,3,0,14.526538599574788,20,61
5,3,0,18.03877668452582,22,57
6,3,0,1.6209131799862364,42,39
7,3,0,0.3764116803086315,50,29
8,3,0,15.021023490722122,75,10
9,3,0,11.221052749167338,74,10
10,3,0,16.148032764645656,80,10
11,3,0,9.847267997157626,41,42
12,3,0,24.458276849891824,68,16
13,3,0,9.939628391879113,53,27
14,3,0,5.7250787981548665,45,33
15,3,0,3.664685252796845,51,26
16,3,0,28.635836890856787,63,21
17,3,0,9.196127750333607,95,10
18,3,0,23.75600002529266,91,10
19,3,0,18.123111048617357,84,10
20,3,0,16.980243731617826,44,31
21,3,0,18.962977172154474,57,24
22,3,0,24.56943193758675,56,24
23,3,0,27.033815162196785,51,25
0,4,0,9.989198176679922,50,33
1,4,0,18.927448089759316,18,60
2,4,0,9.329347428563956,17,61
3,4,0,3.3486607277160543,16,66
4,4,0,24.20724064536234,22,53
5,4,0,23.093986291080814,19,57
6,4,0,14.31301746870908,43,34
7,4,0,11.826043760243861,55,26
8,4,0,22.778290603008553,81,10
9,4,0,17.078746868814715,93,10
10,4,0,6.832862867511192,81,10
11,4,0,3.5830566975568576,40,43
12,4,0,2.146359245411732,68,10
13,4,0,14.006294134213272,42,34
14,4,0,23.81284089345575,56,27
15,4,0,18.185104857122997,50,28
16,4,0,5.331880964107077,62,13
17,4,0,18.883906337804486,99,10
18,4,0,13.116102370871012,94,10
19,4,0,8.137297904099741,95,10
20,4,0,22.647996689488146,56,20
21,4,0,25.249597880548233,60,20
22,4,0,4.733945243426123,56,23
23,4,0,17.319059424729453,55,23
0,5,1,23.892118824328136,42,37
1,5,1,14.706896137721568,10,73
2,5,1,22.1429735772802,17,66
3,5,1,14.252109716700328,28,49
4,5,1,11.207523498280565,21,60
5,5,1,0.7435954319429727,28,54
6,5,1,15.441911920382065,64,11
7,5,1,24.533945583750775,61,19
8,5,1,7.7929263445308505,70,12
9,5,1,6.660176365118322,87,10
10,5,1,2.722369146791345,70,10
11,5,1,17.118103528956016,59,18
12,5,1,11.73572414778087,61,18
13,5,1,15.417383710850364,52,23
14,5,1,25.450119841409748,46,39
15,5,1,9.811759674274954,44,32
16,5,1,7.140152007545554,43,39
17,5,1,28.887141542840002,79,10
18,5,1,5.553144866758614,70,15
19,5,1,26.22803002682605,88,10
20,5,1,6.559391220582686,63,21
21,5,1,11.093705740339711,61,24
22,5,1,18.72058467396121,68,15
23,5,1,23.19499637496748,40,36
0,6,1,11.251321084089007,41,41
1,6,1,8.260590644970833,24,55
2,6,1,9.451707162746679,29,53
3,6,1,1.6354639809693183,21,60
4,6,1,19.873992982197887,30,48
5,6,1,29.717178448504676,18,58
6,6,1,7.006656666044062,43,38
7,6,1,0.15521082588256796,70,10
8,6,1,8.940545954868565,84,10
9,6,1,3.9630728178088557,84,10
10,6,1,8.541631529212294,81,10
11,6,1,8.480363467060018,69,10
12,6,1,6.265410864404581,63,15
13,6,1,4.554715774863168,53,23
14,6,1,15.149472639038308,50,31
15,6,1,10.589211818147398,51,32
16,6,1,28.136146988063466,61,22
17,6,1,6.400565061368494,80,10
18,6,1,12.569579347969297,83,10
19,6,1,22.08657252959799,74,10
20,6,1,12.999146187426298,69,10
21,6,1,24.000282988286358,44,40
22,6,1,26.316600024352653,52,28
23,6,1,7.072181945499514,60,16
0,0,0,15.32144549006841,44,32
1,0,0,25.90836671474746,23,62
2,0,0,8.20054793844109,26,51
3,0,0,5.138840732959524,17,64
4,0,0,23.167022738684214,23,54
5,0,0,20.194826724771545,24,59
6,0,0,2.983440574679906,49,32
7,0,0,29.388645329781237,48,29
8,0,0,2.498989162734986,73,10
9,0,0,16.647936182911867,78,10
10,0,0,4.8392105722540535,93,10
11,0,0,3.6908377892996214,61,15
12,0,0,2.6936981444421706,66,15
13,0,0,13.266570508772269,62,13
14,0,0,28.580976093585452,64,14
15,0,0,12.92819218685695,66,12
16,0,0,24.849558932123543,64,21
17,0,0,17.393052223580543,88,10
18,0,0,23.185854452150462,81,10
19,0,0,28.0314423019453,99,10
20,0,0,1.742373163736336,65,17
21,0,0,6.581899148307118,69,10
22,0,0,8.569847840942442,69,10
23,0,0,29.620846242421663,62,23
0,1,0,2.9792414783990417,67,12
1,1,0,20.2635018169604,25,56
2,1,0,16.894763990123558,18,64
3,1,0,1.0187618430584366,28,57
4,1,0,8.377904496595441,16,65
5,1,0,22.86137983717348,23,53
6,1,0,22.472707217835094,46,34
7,1,0,24.281439883952434,53,29
8,1,0,28.5147016927894,100,10
9,1,0,0.1619210616625255,91,10
10,1,0,17.97007516622138,100,10
11,1,0,2.7034966225754156,54,31
12,1,0,19.932818137264476,54,31
13,1,0,12.962234571479168,55,29
14,1,0,29.423241521072107,42,35
15,1,0,27.23448509607156,44,33
16,1,0,25.288040444470337,42,33
17,1,0,6.912354394836422,95,10
18,1,0,5.577645847839144,100,10
19,1,0,23.9576025159108,81,10
20,1,0,18.971450024708933,45,31
21,1,0,18.452416056545225,44,41
22,1,0,6.940865428097041,48,32
23,1,0,11.122437295846465,62,16
0,2,0,10.726549118158374,68,14
1,2,0,23.772489660920815,16,62
2,2,0,13.699982720168864,18,59
3,2,0,5.609339216795618,20,65
4,2,0,5.237495725558945,11,64
5,2,0,28.330643128221034,16,62
6,2,0,20.036337525724225,57,28
7,2,0,21.465383729328877,51,33
8,2,0,8.5059253872176,75,10
9,2,0,23.809173852538343,97,10
10,2,0,15.580103579000596,78,10
11,2,0,11.765351859508536,42,34
12,2,0,2.0286978930408974,54,24
13,2,0,25.41422585883473,48,27
14,2,0,13.890552369528216,58,23
15,2,0,4.695813174938408,63,16
16,2,0,25.028944411885988,66,15
17,2,0,22.494872067034084,99,10
18,2,0,16.568121208650624,76,10
19,2,0,4.439058789722288,85,10
20,2,0,15.522015283649512,46,39
21,2,0,27.280602497257792,43,40
22,2,0,24.055991907572423,55,27
23,2,0,12.723811979850408,70,14
0,3,0,20.873732848736473,43,39
1,3,0,19.123620378483427,25,53
2,3,0,14.795987788496225,10,75
3,3,0,15.268196378364424,30,47
4,3,0,20.895758332134218,14,65
5,3,0,23.15197557916287,26,49
6,3,0,22.61361006476735,57,18
7,3,0,28.53794982989325,61,14
8,3,0,4.808862297699208,90,10
9,3,0,29.71322881083955,91,10
10,3,0,14.437911119434878,74,10
11,3,0,14.992646578361374,66,13
12,3,0,16.071975911168717,70,13
13,3,0,9.853025722577321,63,16
14,3,0,2.2171519188976174,43,36
15,3,0,23.009578463272103,58,17
16,3,0,7.027007982129319,64,16
17,3,0,17.328179043665823,83,10
18,3,0,11.73771263794713,82,10
19,3,0,23.146983948825728,77,10
20,3,0,12.835849455913381,41,40
21,3,0,25.331880452960146,52,31
22,3,0,10.675271697949583,61,23
23,3,0,20.860360820661406,66,18
0,4,0,7.32487674876661,60,22
1,4,0,18.34092868895955,27,48
2,4,0,17.86679767097726,19,60
3,4,0,10.923870765594122,17,64
4,4,0,14.49942710707421,17,58
5,4,0,28.461589656140852,11,64
6,4,0,6.836979198589749,56,27
7,4,0,2.3264699940964784,63,17
8,4,0,0.15563289242006118,78,10
9,4,0,8.453462889660297,80,10
10,4,0,15.852993082957191,94,10
11,4,0,29.52086631306604,53,22
12,4,0,2.2726845116112457,68,11
13,4,0,6.904946926254324,69,14
14,4,0,1.0950738964744555,63,22
15,4,0,5.3504754316096115,45,30
16,4,0,5.383274854322938,55,22
17,4,0,24.87273830816213,86,10
18,4,0,10.601917103118941,84,10
19,4,0,13.969859165635244,93,10
20,4,0,25.30187343019135,42,39
21,4,0,0.7420602334881621,60,17
22,4,0,24.074903644563395,62,20
23,4,0,4.451013691184759,43,36
0,5,1,24.621577262253716,63,22
1,5,1,19.062583103294298,30,49
2,5,1,11.186649091167828,27,51
3,5,1,4.716767059599192,19,56
4,5,1,17.764150309912523,29,48
5,5,1,6.869594783508658,26,56
6,5,1,16.437647965399993,47,34
7,5,1,9.4883328418032,41,38
8,5,1,2.153110861483669,86,10
9,5,1,3.593247845532578,88,10
10,5,1,27.513186802817263,86,10
11,5,1,8.344689451214117,55,27
12,5,1,25.85109583061434,40,44
13,5,1,2.3072962281942067,67,16
14,5,1,18.928981016729736,62,13
15,5,1,5.078748534438477,41,36
16,5,1,19.694108119000717,48,29
17,5,1,26.780730368765273,77,10
18,5,1,26.178282990409308,91,10
19,5,1,16.633887426683938,99,10
20,5,1,26.636507216428058,40,41
21,5,1,22.014238080551095,67,16
22,5,1,8.055985129945748,48,34
23,5,1,15.830373825880343,62,17
0,6,1,1.3812726510862727,54,26
1,6,1,28.684458173697887,22,53
2,6,1,15.018592689931578,18,62
3,6,1,12.068422573245302,18,60
4,6,1,24.57376455649704,19,60
5,6,1,9.483665625944317,18,59
6,6,1,15.180026593744017,51,32
7,6,1,13.88606166303995,61,16
8,6,1,9.336758491461593,72,10
9,6,1,25.090022053387933,81,10
10,6,1,27.626926094803586,74,10
11,6,1,0.0072109516993412726,48,29
12,6,1,19.758486950116488,40,41
13,6,1,17.233926455486603,56,19
14,6,1,18.928474895643735,62,23
15,6,1,1.9511559247434818,65,14
16,6,1,22.839068103770977,70,10
17,6,1,9.357384164441356,100,10
18,6,1,12.112802224604684,85,10
19,6,1,11.3503841408186,94,10
20,6,1,18.641630742791605,69,16
21,6,1,28.250416060824378,61,16
22,6,1,25.199312961120135,45,30
23,6,1,9.434968685673011,68,10
0,0,0,18.48320649318016,55,25
1,0,0,15.049633428505299,19,65
2,0,0,7.78499241482216,19,63
3,0,0,29.829564594606104,30,51
4,0,0,19.965722971183798,15,61
5,0,0,2.953062031031349,13,65
6,0,0,27.599103614644175,59,23
7,0,0,5.423285854098554,69,12
8,0,0,17.69939633632508,90,10
9,0,0,25.807791650868978,80,10
10,0,0,5.299788923379957,89,10
11,0,0,20.90539222350858,69,13
12,0,0,5.534396255471855,63,18
13,0,0,6.054507254068535,60,19
14,0,0,23.993116770519958,58,23
15,0,0,8.27375590175553,42,39
16,0,0,7.812662333735353,50,26
17,0,0,9.683447840890814,93,10
18,0,0,6.345393845336295,89,10
19,0,0,2.970167208528159,77,10
20,0,0,21.7404041901818,69,10
21,0,0,1.9462276436616999,67,12
22,0,0,6.297617002095901,52,24
23,0,0,3.419623656042352,66,14
0,1,0,20.4075152892153,56,26
1,1,0,1.680449290139031,26,57
2,1,0,2.3207186802922686,30,50
3,1,0,20.134772010614622,23,62
4,1,0,7.10017862153958,23,62
5,1,0,29.84026748468701,24,56
6,1,0,0.1669496088203859,58,21
7,1,0,21.51611503132874,50,26
8,1,0,2.346326215768386,87,10
9,1,0,12.030155101801043,89,10
10,1,0,7.306907293530074,71,10
11,1,0,26.939961117657756,69,10
12,1,0,23.481881562816117,52,30
13,1,0,22.425836697427528,41,43
14,1,0,14.797849052882563,67,11
15,1,0,9.643844401982886,59,19
16,1,0,25.54676713229751,69,12
17,1,0,1.3802742755214625,86,10
18,1,0,9.669866436565455,84,10
19,1,0,14.154747229773433,74,10
20,1,0,26.839155479855847,61,24
21,1,0,25.393765843467392,70,10
22,1,0,28.61863863895831,57,27
23,1,0,11.224623557235828,60,15
0,2,0,26.31076054683476,70,10
1,2,0,13.18389635400948,29,51
2,2,0,8.0709802242192,20,62
3,2,0,4.119089876293937,21,56
4,2,0,14.003002138210935,16,62
5,2,0,7.908112354470219,17,66
6,2,0,21.43632718535552,64,14
7,2,0,28.209693762224838,51,32
8,2,0,1.7014060250260366,88,10
9,2,0,1.6789755741460988,88,10
10,2,0,12.796136533988571,86,10
11,2,0,15.335690727123811,55,27
12,2,0,29.912756496010676,56,26
13,2,0,1.705403772443962,62,15
14,2,0,3.4898227611342083,48,37
15,2,0,27.02177804642754,63,16
16,2,0,15.134872695272582,57,22
17,2,0,22.51749352947271,75,10
18,2,0,27.806303003127496,97,10
19,2,0,29.853647103768534,99,10
20,2,0,29.754096959309194,47,37
21,2,0,3.474119334683665,70,15
22,2,0,28.44335189146775,65,17
23,2,0,7.505205925213664,65,10
0,3,0,15.14368946671739,60,21
1,3,0,19.1155993333153,25,57
2,3,0,21.003965399342352,23,53
3,3,0,22.595027696397512,12,73
4,3,0,14.066910578496683,24,61
5,3,0,9.535337328250405,28,54
6,3,0,23.545789961860674,49,35
7,3,0,29.99421554292201,54,24
8,3,0,8.958063612967157,74,10
9,3,0,10.531600277023973,85,10
10,3,0,14.577246842493961,78,10
11,3,0,2.5803674049847816,69,10
12,3,0,22.518365517565456,52,30
13,3,0,29.613088376147132,64,20
14,3,0,20.347857501137565,52,27
15,3,0,13.366415771923947,64,13
16,3,0,23.135678881823935,55,27
17,3,0,15.585834386000677,85,10
18,3,0,5.493432337559837,73,12
19,3,0,12.71998203954231,100,10
20,3,0,12.604790259963766,43,34
21,3,0,12.37215829059644,52,25
22,3,0,11.532349851319397,70,10
23,3,0,21.991357285520024,68,10
0,4,0,9.954127716784262,41,43
1,4,0,2.2421476176352284,30,49
2,4,0,15.065986142479032,30,51
3,4,0,26.11496365586323,30,46
4,4,0,24.097712632859718,25,58
5,4,0,23.606355930854846,15,69
6,4,0,24.952316438949257,63,12
7,4,0,2.5871560129274016,47,30
8,4,0,19.08168652812846,95,10
9,4,0,19.814765078564808,97,10
10,4,0,15.586798984577396,71,13
11,4,0,11.62576790163207,64,12
12,4,0,21.678786195019846,63,22
13,4,0,12.62307008266453,47,28
14,4,0,17.82930458895292,56,25
15,4,0,1.3404572962049222,54,22
16,4,0,0.3937829343641075,53,29
17,4,0,3.0273344184843607,98,10
18,4,0,24.5349635366401,73,10
19,4,0,25.16613166651459,91,10
20,4,0,20.946327375914368,67,11
21,4,0,24.823565178547305,40,42
22,4,0,1.8685186674054655,52,27
23,4,0,17.67746683814519,60,20
0,5,1,3.42486598335182,56,25
1,5,1,23.845416435517564,29,54
2,5,1,19.173717029968763,17,65
3,5,1,3.4821308232215022,25,54
4,5,1,2.643725973716341,23,53
5,5,1,0.38372635271600175,20,56
6,5,1,20.82923700876488,59,22
7,5,1,25.927684015531483,48,32
8,5,1,13.617056950682048,81,10
9,5,1,20.956215425155207,80,10
10,5,1,10.891637050723709,70,10
11,5,1,16.574286151952794,66,17
12,5,1,27.02569171905926,49,33
13,5,1,28.95582406758457,44,39
14,5,1,22.59534668152852,55,30
15,5,1,17.680311089247688,50,34
16,5,1,6.3034248886119295,51,29
17,5,1,14.246873835232643,79,10
18,5,1,27.053481880833736,72,10
19,5,1,24.476200938011747,78,10
20,5,1,6.611457534883858,64,11
21,5,1,9.185435615673498,68,15
22,5,1,15.045306407099927,53,22
23,5,1,17.00754024620467,61,22
0,6,1,9.869175535945654,64,18
1,6,1,19.504455270829606,28,53
2,6,1,3.2286324018548838,26,57
3,6,1,12.804736407905773,16,59
4,6,1,18.493005744514434,21,59
5,6,1,17.12152912251562,18,60
6,6,1,22.594649708095364,45,35
7,6,1,19.316513111039026,64,12
8,6,1,4.343428776760792,100,10
9,6,1,15.604553225811355,72,10
10,6,1,7.315255249228874,93,10
11,6,1,24.78254596276627,45,32
12,6,1,3.498539809839892,63,18
13,6,1,28.912627083740727,61,15
14,6,1,10.608819929615986,60,15
15,6,1,28.0051250573014,64,14
16,6,1,21.577926028985626,69,13
17,6,1,8.567643371735443,84,10
18,6,1,8.507506464856952,84,10
19,6,1,29.622545135995527,88,10
20,6,1,23.80896750451952,52,26
21,6,1,9.240722098872535,47,34
22,6,1,18.767962650109798,58,22
23,6,1,26.783900827045905,60,15
0,0,0,29.218811262985234,50,34
1,0,0,20.777115753270667,19,60
2,0,0,17.052026390030466,25,57
3,0,0,22.34121941779022,30,53
4,0,0,27.343953782814676,30,46
5,0,0,12.694832289908312,15,62
6,0,0,1.1270828241212638,65,15
7,0,0,11.319559808311999,41,39
8,0,0,9.810549653818978,76,10
9,0,0,16.52805115645545,82,10
10,0,0,2.7694513752700622,89,10
11,0,0,1.6979646438787588,44,38
12,0,0,11.19061829509366,70,10
13,0,0,3.241707539294599,44,40
14,0,0,3.8202363784139015,56,22
15,0,0,17.12645628381174,49,30
16,0,0,13.65330726363599,60,22
17,0,0,10.568745425268766,83,10
18,0,0,14.15312121889469,85,10
19,0,0,20.651154745816164,70,15
20,0,0,10.226404891011407,43,35
21,0,0,21.225035170130397,70,13
22,0,0,19.27905974070572,48,31
23,0,0,7.702520272997525,58,27
0,1,0,14.763789816277296,46,35
1,1,0,23.86070719926157,17,61
2,1,0,18.657819249010828,18,63
3,1,0,0.019713210365930323,30,54
4,1,0,13.190769171514184,29,52
5,1,0,3.127371976506735,28,56
6,1,0,11.10440093612318,69,10
7,1,0,23.162300023115403,44,34
8,1,0,23.749796297036703,99,10
9,1,0,12.28616036722006,73,11
10,1,0,16.826578498926963,97,10
11,1,0,1.4279727816133347,49,31
12,1,0,0.025132757402525074,53,30
13,1,0,26.359022566203077,62,20
14,1,0,28.543311972163686,58,26
15,1,0,27.739628352964424,60,15
16,1,0,7.794339057231382,48,31
17,1,0,24.120778210952906,83,10
18,1,0,20.97695088393008,95,10
19,1,0,29.80075387485587,94,10
20,1,0,15.407666989130702,56,22
21,1,0,22.594845608841915,69,10
22,1,0,8.652119534632854,54,26
23,1,0,19.97438207566175,55,21
0,2,0,3.6500734826711456,43,33
1,2,0,16.274617929198634,26,56
2,2,0,8.902225447960333,21,57
3,2,0,11.571239774805452,10,72
4,2,0,27.253217880394942,29,56
5,2,0,12.260679579503373,30,50
6,2,0,5.036231472352544,68,15
7,2,0,5.533316825772997,62,20
8,2,0,29.22684317636132,76,10
9,2,0,16.630855954412294,84,10
10,2,0,22.60601467694317,92,10
11,2,0,17.424603617579724,63,18
12,2,0,17.615409351417416,40,40
13,2,0,0.02974910283335741,65,15
14,2,0,15.132624814330343,61,16
15,2,0,2.0253101340493185,69,12
16,2,0,17.60998237348498,44,36
17,2,0,13.350246553974186,95,10
18,2,0,28.15074801262492,71,10
19,2,0,20.876273984908565,93,10
20,2,0,12.32803515462771,45,32
21,2,0,12.921885545852046,62,22
22,2,0,9.722134029902355,50,26
23,2,0,20.230954377260183,49,32
0,3,0,10.318778830714404,43,34
1,3,0,18.789965260852398,10,68
2,3,0,20.052479657500857,13,70
3,3,0,5.802667276952387,19,58
4,3,0,28.13512131463177,26,51
5,3,0,26.11559333914183,12,68
6,3,0,16.08222033673889,70,13
7,3,0,18.31583937786453,41,43
8,3,0,11.46157756725107,84,10
9,3,0,19.012477346015906,71,14
10,3,0,8.145230455580379,86,10
11,3,0,7.3954161681872765,54,24
12,3,0,20.13972111986679,61,16
13,3,0,6.475687868071622,47,36
14,3,0,22.707643197575376,51,26
15,3,0,5.5711209524648435,40,44
16,3,0,28.253126964711612,54,22
17,3,0,21.327726287320743,81,10
18,3,0,25.62950794931983,96,10
19,3,0,17.844634126898733,87,10
20,3,0,18.682770556121152,45,36
21,3,0,3.606951738216809,41,43
22,3,0,29.63819884675469,59,18
23,3,0,0.219794289310713,69,14
0,4,0,2.5689341068517555,43,37
1,4,0,24.968846626089874,30,48
2,4,0,9.258342653008354,23,55
3,4,0,2.2486889859634673,30,54
4,4,0,22.252451316905304,25,50
5,4,0,0.473100821570247,18,59
6,4,0,21.443840923527485,52,33
7,4,0,3.5729548068505435,57,18
8,4,0,0.7561873260420948,75,10
9,4,0,14.521078181684452,89,10
10,4,0,8.49374640510187,94,10
11,4,0,29.721756654847578,68,10
12,4,0,28.272905937792974,55,21
13,4,0,20.76825458700596,42,42
14,4,0,14.83753850980118,70,13
15,4,0,17.125754003057903,67,11
16,4,0,7.725678635034573,70,10
17,4,0,19.329640509147612,94,10
18,4,0,8.276045336986739,81,10
19,4,0,15.110006646253751,98,10
20,4,0,26.819658236038222,57,26
21,4,0,28.38659769613987,68,14
22,4,0,2.378777285541076,67,10
23,4,0,8.69402617432771,42,43
0,5,1,4.854976774498886,62,14
1,5,1,5.28745715021905,16,60
2,5,1,23.376038558826487,26,59
3,5,1,22.741754186116907,20,58
4,5,1,10.86790522961978,23,53
5,5,1,2.8655235395622602,26,59
6,5,1,29.891257807897542,60,24
7,5,1,6.137847166043083,56,25
8,5,1,5.501057348201165,99,10
9,5,1,21.4066271879402,97,10
10,5,1,1.000549156264302,89,10
11,5,1,16.615556015218573,52,25
12,5,1,22.183185223425877,49,28
13,5,1,11.031695550638553,69,10
14,5,1,7.0597015853897656,69,14
15,5,1,2.773446965199483,54,22
16,5,1,12.962963756654473,69,14
17,5,1,14.417032089240795,86,10
18,5,1,15.727419862372953,74,10
19,5,1,28.711890240066815,95,10
20,5,1,18.109170628222493,51,28
21,5,1,28.706233301870686,44,35
22,5,1,13.906119969793453,52,33
23,5,1,13.851431506512075,47,37
0,6,1,9.882161163371915,43,36
1,6,1,16.212857312597386,20,56
2,6,1,0.34763118419330663,12,68
3,6,1,27.25179505272256,22,60
4,6,1,27.771668199432565,26,57
5,6,1,20.56248497008404,24,59
6,6,1,15.820543933188873,61,14
7,6,1,11.959783492166586,46,38
8,6,1,21.744722949757914,92,10
9,6,1,26.217299771119894,94,10
10,6,1,17.490461649888307,76,10
11,6,1,9.322505135587454,44,33
12,6,1,27.29077805025164,62,21
13,6,1,28.731171514723552,50,31
14,6,1,15.650235148869378,68,10
15,6,1,18.089714757947483,47,32
16,6,1,19.49741913004681,58,27
17,6,1,13.488855584698952,89,10
18,6,1,13.790878279462744,91,10
19,6,1,29.834983573676563,76,10
20,6,1,3.0620735675778086,55,25
21,6,1,16.32315106186486,69,11
22,6,1,12.227822508629055,54,25
23,6,1,5.3414171205238254,46,30
0,0,0,26.15398608606875,67,10
1,0,0,15.591251669520656,12,69
2,0,0,10.027110102073443,24,59
3,0,0,0.937517500933126,15,63
4,0,0,26.803153796936712,14,63
5,0,0,1.7595877051889408,24,56
6,0,0,20.143577700184835,68,17
7,0,0,4.821221375588806,66,14
8,0,0,9.8304351915994,95,10
9,0,0,15.913600524284385,71,12
10,0,0,10.058591973968742,75,10
11,0,0,5.488808676145642,67,16
12,0,0,13.621633899317713,42,38
13,0,0,26.58189252806279,42,38
14,0,0,15.230266750690904,42,35
15,0,0,29.579620330488957,55,20
16,0,0,4.932769660124819,62,23
17,0,0,23.647899741339778,83,10
18,0,0,17.62173279471696,93,10
19,0,0,21.24303796568414,99,10
20,0,0,11.37180481843881,42,34
21,0,0,5.385798223855074,41,35
22,0,0,2.274828256984337,43,34
23,0,0,21.059065908367888,49,36
0,1,0,6.548827949608182,55,30
1,1,0,22.164664297596477,23,54
2,1,0,29.116149772249475,22,55
3,1,0,25.43438418470246,15,65
4,1,0,27.845160264560242,18,63
5,1,0,26.949480956484773,13,71
6,1,0,1.0310605306831588,46,33
7,1,0,14.253535925996113,59,17
8,1,0,28.826926892197502,89,10
9,1,0,13.27593486675173,86,10
10,1,0,9.9227408475706,88,10
11,1,0,22.2838752782348,42,39
12,1,0,1.1185659195844644,65,14
13,1,0,15.36968432522336,67,13
14,1,0,18.31529522135022,41,34
15,1,0,19.45423162934692,49,31
16,1,0,15.71255525678952,66,17
17,1,0,4.13409299233103,100,10
18,1,0,12.512772244391964,100,10
19,1,0,19.44744330756128,81,10
20,1,0,17.857118005186013,61,22
21,1,0,20.056212635568627,67,10
22,1,0,1.3278334626452404,48,29
23,1,0,4.586597654255903,66,10
0,2,0,11.188922037997486,51,24
1,2,0,2.133564500792988,23,56
2,2,0,0.3560438917148434,28,57
3,2,0,12.541004601722413,15,63
4,2,0,5.077699213414048,22,58
5,2,0,3.4931858195070395,19,62
6,2,0,22.942634479754794,66,19
7,2,0,15.89152837372463,60,22
8,2,0,11.20476244106024,92,10
9,2,0,3.463841709265305,72,10
10,2,0,15.471960549092763,100,10
11,2,0,22.560549308441026,61,16
12,2,0,2.3811429199182244,63,14
13,2,0,7.455121779131061,47,29
14,2,0,17.96448668893755,60,18
15,2,0,16.78927193447908,70,10
16,2,0,12.383140060242951,41,39
17,2,0,2.8623056935116087,99,10
18,2,0,22.935484468208898,88,10
19,2,0,10.306276020865555,82,10
20,2,0,4.687659331116674,68,15
21,2,0,28.61608093634406,40,36
22,2,0,26.232594040337748,65,18
23,2,0,4.877182284337307,47,37
0,3,0,1.8307870584950592,48,27
1,3,0,18.7509225539276,17,59
2,3,0,28.151247585527223,14,62
3,3,0,14.365344232061052,14,62
4,3,0,14.347962187127113,24,51
5,3,0,2.875056485152645,21,64
6,3,0,14.228489620360957,40,45
7,3,0,6.256162457318225,67,16
8,3,0,1.050749576543859,96,10
9,3,0,23.816592620914342,78,10
10,3,0,10.625326121614062,99,10
11,3,0,15.788992072401811,68,12
12,3,0,18.783956053936098,43,34
13,3,0,28.18726476434532,40,44
14,3,0,21.548992187294022,59,25
15,3,0,6.610486318529065,51,24
16,3,0,26.13012208749582,56,26
17,3,0,25.85338772243156,87,10
18,3,0,25.170273628943324,84,10
19,3,0,28.0738224888506,80,10
20,3,0,18.602760944028535,70,12
21,3,0,24.43513266484703,41,44
22,3,0,5.712310660833282,61,17
23,3,0,15.48613235545734,63,22
0,4,0,21.690813119944114,70,10
1,4,0,26.198105637269848,19,59
2,4,0,1.518934569570195,20,61
3,4,0,22.491091337018858,14,71
4,4,0,0.4685739761252472,27,56
5,4,0,23.605307364877255,12,67
6,4,0,20.553923831079466,50,30
7,4,0,0.7025873820421213,67,14
8,4,0,26.019817554519083,93,10
9,4,0,12.431041098456378,95,10
10,4,0,9.59491299379286,91,10
11,4,0,22.36412520183827,69,13
12,4,0,8.611099470162598,46,29
13,4,0,29.116285054958666,55,21
14,4,0,13.42930576619898,64,21
15,4,0,23.685080667312963,70,10
16,4,0,0.6134593886870865,56,27
17,4,0,26.893295651253148,83,10
18,4,0,15.288950748592326,86,10
19,4,0,10.255597352103404,95,10
20,4,0,29.665813984676934,59,16
21,4,0,26.095892228603475,62,20
22,4,0,16.590568558058546,46,34
23,4,0,7.7900186018069695,51,32
0,5,1,23.41505815743697,64,11
1,5,1,27.75844054852691,29,54
2,5,1,7.170047032156686,24,55
3,5,1,18.10342029804608,28,57
4,5,1,0.29004549952466596,12,66
5,5,1,13.22159688128621,30,52
6,5,1,7.587217963598217,40,44
7,5,1,2.687114715743708,40,35
8,5,1,23.62007109045979,74,10
9,5,1,11.572414167828937,84,10
10,5,1,28.427696270379382,72,10
11,5,1,13.114653039625013,58,27
12,5,1,15.441545679753034,45,30
13,5,1,10.812358323662586,59,22
14,5,1,13.577320437682046,55,21
15,5,1,27.3965331691341,59,19
16,5,1,21.12651544642294,69,10
17,5,1,2.05777863523621,87,10
18,5,1,25.661302751944145,83,10
19,5,1,0.42488457001057967,75,10
20,5,1,26.472322360568608,46,37
21,5,1,10.30368918201336,62,15
22,5,1,15.202611765149719,67,10
23,5,1,9.075201794140813,65,10
0,6,1,1.148683622048663,65,11
1,6,1,16.10941076826177,27,48
2,6,1,7.818685169017754,16,67
3,6,1,26.075707199619952,17,59
4,6,1,24.448241396801347,21,63
5,6,1,22.210381279775227,15,62
6,6,1,12.558604348172288,57,24
7,6,1,8.52005422017892,63,22
8,6,1,8.839977979243287,77,10
9,6,1,21.102876271475274,78,10
10,6,1,19.17730663167488,88,10
11,6,1,21.68125672486657,54,21
12,6,1,5.287812848305242,66,15
13,6,1,9.354052458336163,55,21
14,6,1,2.3033468820763128,41,36
15,6,1,25.12178265688564,54,31
16,6,1,28.068878834637683,42,34
17,6,1,10.746365311908136,94,10
18,6,1,21.47646935912765,78,10
19,6,1,25.707273031927265,73,10
20,6,1,11.018781788113753,59,16
21,6,1,24.099664354740735,61,16
22,6,1,19.79335010522169,57,25
23,6,1,14.39741093866036,48,29
0,0,0,10.888107833505458,68,17
1,0,0,6.53230492761254,24,53
2,0,0,17.664278092122213,14,66
3,0,0,24.897982105587783,27,56
4,0,0,25.410862933414773,12,67
5,0,0,23.056715133723426,24,56
6,0,0,25.21576307050348,65,19
7,0,0,0.14537997570056804,57,28
8,0,0,25.158838096672255,73,10
9,0,0,12.605556983001211,86,10
10,0,0,15.467255744277553,75,10
11,0,0,28.113025342339455,69,14
12,0,0,6.13872177191773,60,24
13,0,0,1.8093181650105117,68,17
14,0,0,21.82252480426015,49,32
15,0,0,22.52074979473648,59,21
16,0,0,14.44517677515348,57,22
17,0,0,25.53055212829255,88,10
18,0,0,9.638571978827047,72,10
19,0,0,8.796467848484573,75,10
20,0,0,27.1812800107981,66,16
21,0,0,22.35787590698915,49,36
22,0,0,24.16409109790412,64,18
23,0,0,16.355083653458237,47,33
0,1,0,23.075476693806447,40,41
1,1,0,1.0714893049098384,30,52
2,1,0,29.073691863669932,25,59
3,1,0,5.961236615365271,18,63
4,1,0,7.166268326035974,18,67
5,1,0,14.698179291042443,17,62
6,1,0,4.953296247442285,65,14
7,1,0,8.413202640867565,57,28
8,1,0,19.17869832977393,91,10
9,1,0,24.649216549598638,89,10
10,1,0,14.99497172248907,77,10
11,1,0,6.594783278675067,58,18
12,1,0,29.173087532589243,48,29
13,1,0,14.077676208459346,42,38
14,1,0,9.362418841588397,57,21
15,1,0,17.94859985170188,59,24
16,1,0,21.04228689681821,54,25
17,1,0,25.46029682893373,70,13
18,1,0,9.523445143042476,73,11
19,1,0,28.497077614114723,79,10
20,1,0,21.493735087005387,47,29
21,1,0,11.765676568536495,48,37
22,1,0,18.838414670754577,43,38
23,1,0,12.680944456029973,64,16
0,2,0,18.675807550327185,56,26
1,2,0,9.133602999704875,30,50
2,2,0,14.819313196637431,10,71
3,2,0,5.89835556622094,15,65
4,2,0,24.49616251835578,13,71
5,2,0,2.5445337773060386,16,60
6,2,0,23.475725737804794,50,29
7,2,0,11.290315827374286,66,17
8,2,0,21.725021053238354,72,10
9,2,0,17.85414854082036,83,10
10,2,0,23.66201767183492,83,10
11,2,0,11.468603107666057,52,26
12,2,0,0.08579276103194422,66,18
13,2,0,4.27591284510145,58,27
14,2,0,17.409285146458082,58,19
15,2,0,5.804622767344098,58,21
16,2,0,29.12286121511828,53,22
17,2,0,22.818881520396037,98,10
18,2,0,27.961948654788262,70,15
19,2,0,12.158247429740143,73,10
20,2,0,20.803540690290287,59,25
21,2,0,25.757542892818886,49,32
22,2,0,10.34773425885484,44,38
23,2,0,22.92154833774546,69,10
0,3,0,23.582723607741997,70,13
1,3,0,14.04158476643193,19,58
2,3,0,13.077381044622927,26,50
3,3,0,16.576504059614862,10,68
4,3,0,13.803397341669069,22,60
5,3,0,17.664700838127597,20,64
6,3,0,9.435456799644363,68,10
7,3,0,3.1156263659933323,43,38
8,3,0,1.331640549507549,80,10
9,3,0,14.059160540645088,81,10
10,3,0,16.702960902910007,100,10
11,3,0,25.779625998564764,52,29
12,3,0,10.551352214950036,65,19
13,3,0,10.626403512224853,58,24
14,3,0,8.119373040779578,49,27
15,3,0,23.152528891787725,47,33
16,3,0,3.2807724286808257,42,37
17,3,0,22.948511794713667,92,10
18,3,0,16.64125693743799,95,10
19,3,0,29.93828168141395,85,10
20,3,0,12.172191370342038,41,34
21,3,0,7.769237173981038,50,32
22,3,0,8.215298895613234,56,19
23,3,0,2.8902111295564428,60,17
0,4,0,21.29520151238369,45,37
1,4,0,1.9711517273227253,30,51
2,4,0,19.144162160602527,23,59
3,4,0,23.689511451078094,11,64
4,4,0,2.0827460653342653,20,64
5,4,0,7.295545572514698,22,63
6,4,0,8.462911511752454,42,43
7,4,0,25.62305466836402,44,31
8,4,0,3.0767373414175303,93,10
9,4,0,19.805254580806693,78,10
10,4,0,7.692815772907521,73,10
11,4,0,20.538012936966616,43,33
12,4,0,4.652938935930646,56,21
13,4,0,5.0311234339875766,58,23
14,4,0,9.432751974697018,67,10
15,4,0,16.035406764635233,59,23
16,4,0,2.4878863090523327,62,20
17,4,0,10.624429968712622,73,11
18,4,0,25.298595420394875,90,10
19,4,0,15.470264885885458,97,10
20,4,0,16.979479419600366,57,24
21,4,0,28.9773145425748,51,33
22,4,0,27.797729410636205,61,23
23,4,0,9.475433036374035,40,45
0,5,1,27.115205785569945,48,29
1,5,1,12.204370513374915,20,55
2,5,1,9.2959117660122,18,62
3,5,1,27.74195799282273,15,60
4,5,1,7.446113274033003,16,69
5,5,1,4.949980435638034,17,63
6,5,1,17.973179077670974,50,31
7,5,1,14.287446182402414,43,37
8,5,1,1.2166417862361745,92,10
9,5,1,14.508454966393028,77,10
10,5,1,22.2408208755511,80,10
11,5,1,8.912861327842124,50,33
12,5,1,17.80692812133596,51,31
13,5,1,11.367097337377949,54,31
14,5,1,17.96637541180473,53,23
15,5,1,2.877308704696515,53,29
16,5,1,6.398176787111165,46,32
17,5,1,13.451456440406634,74,10
18,5,1,3.6462300729179917,80,10
19,5,1,19.894011232493284,85,10
20,5,1,22.784402361525096,70,10
21,5,1,7.114088319260434,44,33
22,5,1,1.9137402344414756,48,28
23,5,1,22.270937064653484,54,28
0,6,1,21.88472252026815,70,15
1,6,1,2.4233748741289682,20,65
2,6,1,4.841428361253991,22,63
3,6,1,14.507591289597423,19,57
4,6,1,29.94167011687562,19,56
5,6,1,22.9267476466593,23,53
6,6,1,3.7390022866502637,63,18
7,6,1,8.509616901854466,65,18
8,6,1,8.067593734881042,70,10
9,6,1,26.299603369912003,90,10
10,6,1,21.195699260522257,86,10
11,6,1,16.742210439886886,53,25
12,6,1,18.745816938548398,60,21
13,6,1,1.190495634447143,52,29
14,6,1,7.864095341039983,45,39
15,6,1,26.71417451000204,45,32
16,6,1,9.301981426765275,65,20
17,6,1,27.233479481102,76,10
18,6,1,19.84145608179367,92,10
19,6,1,1.6924971352128426,78,10
20,6,1,24.296652268997985,53,27
21,6,1,29.026684977128713,48,36
22,6,1,0.9111637306718268,69,11
23,6,1,8.922086332615374,67,10
0,0,0,20.61152668753907,59,19
1,0,0,0.9059221977340537,26,56
2,0,0,6.321476374804923,22,61
3,0,0,9.875722855904538,18,58
4,0,0,2.4582354321978492,10,74
5,0,0,7.691390235471146,21,59
6,0,0,0.9323038575603504,69,13
7,0,0,17.673394051568472,43,37
8,0,0,20.44186312835119,77,10
9,0,0,6.134452312499599,93,10
10,0,0,25.233479889596815,89,10
11,0,0,9.881431671795776,44,34
12,0,0,14.82352478523882,57,26
13,0,0,19.11207681040544,55,20
14,0,0,6.899428490395288,70,10
15,0,0,17.13345360893309,48,36
16,0,0,5.652387182449139,58,25
17,0,0,2.404047195113149,75,10
18,0,0,2.059725529699615,100,10
19,0,0,0.6739751149856565,96,10
20,0,0,25.58905976686918,56,25
21,0,0,26.413802666283022,60,22
22,0,0,27.497329525122662,49,34
23,0,0,22.243862229689437,53,24
0,1,0,19.753485897077265,52,31
1,1,0,24.79225762434975,21,63
2,1,0,22.28063197630951,23,54
3,1,0,21.365957912485225,13,69
4,1,0,3.246743008790646,23,55
5,1,0,18.84455434335806,16,60
6,1,0,28.813374850509504,55,25
7,1,0,1.0480947303791988,62,14
8,1,0,28.405164181286484,81,10
9,1,0,1.4596719162274197,99,10
10,1,0,25.67384495583029,73,10
11,1,0,20.654142193857258,53,26
12,1,0,24.46082341473163,47,36
13,1,0,28.249039627832744,59,25
14,1,0,8.15033650084873,50,35
15,1,0,26.644592645225707,48,31
16,1,0,2.8150417823719156,64,20
17,1,0,1.21250710788117,79,10
18,1,0,2.5172944806838435,100,10
19,1,0,18.10003431471472,77,10
20,1,0,11.503959535520785,69,10
21,1,0,18.73847997153629,60,23
22,1,0,8.133879072650016,52,32
23,1,0,8.785351911440326,61,16
0,2,0,14.922944328228436,64,17
1,2,0,10.765677526837687,27,49
2,2,0,0.46286905893652697,17,60
3,2,0,3.563496115030781,11,65
4,2,0,23.369550184779136,26,53
5,2,0,15.89440019122941,26,52
6,2,0,14.658909699702088,56,22
7,2,0,11.488627054947301,61,22
8,2,0,7.9579377225457595,89,10
9,2,0,21.25422088363065,96,10
10,2,0,2.572690696949075,94,10
11,2,0,20.078698481585718,55,26
12,2,0,4.498172493240532,40,44
13,2,0,19.18937147162002,61,20
14,2,0,9.415197744275094,44,40
15,2,0,12.639356213414109,68,13
16,2,0,11.015398937182155,59,17
17,2,0,1.5017091102992175,95,10
18,2,0,14.707860765351311,93,10
19,2,0,21.83368673602072,77,10
20,2,0,10.672973085017494,41,41
21,2,0,23.23189271961552,66,10
22,2,0,20.51307902035432,62,20
23,2,0,23.622635582415413,68,11
0,3,0,24.537356956103405,66,10
1,3,0,7.597552153363377,19,64
2,3,0,19.649699235670838,23,53
3,3,0,3.78945518884377,24,61
4,3,0,17.33196385508161,18,60
5,3,0,5.720116604227677,26,58
6,3,0,4.474073187869658,42,41
7,3,0,26.62129638618869,47,29
8,3,0,7.661855115360656,89,10
9,3,0,7.709872946413388,75,10
10,3,0,2.998156785924743,81,10
11,3,0,15.932972189781323,65,18
12,3,0,0.11882533136165052,63,18
13,3,0,9.269377117600023,69,15
14,3,0,10.53307262044857,66,10
15,3,0,6.217538621629899,56,22
16,3,0,1.3274275401267122,53,26
17,3,0,16.109427333692345,70,10
18,3,0,16.664784938985058,94,10
19,3,0,8.113688168822883,91,10
20,3,0,7.92348293346765,46,38
21,3,0,28.978884010647135,56,23
22,3,0,1.7480497840137321,46,35
23,3,0,6.604750781106996,58,18
0,4,0,3.7144030836888375,48,35
1,4,0,5.5824483984835584,30,46
2,4,0,25.83916544734539,28,53
3,4,0,29.03971291864206,18,67
4,4,0,8.662390649631607,24,60
5,4,0,20.777572038584374,10,70
6,4,0,27.89346479659655,60,16
7,4,0,11.993256393043561,63,19
8,4,0,28.524873636065532,79,10
9,4,0,6.296693035571606,93,10
10,4,0,15.224420567975148,74,10
11,4,0,4.847095105153791,56,26
12,4,0,26.00438667364757,43,38
13,4,0,12.655582464485802,53,22
14,4,0,0.6483676796861826,69,15
15,4,0,14.667303286309096,58,26
16,4,0,1.8503295979938106,67,13
17,4,0,6.79573271655661,97,10
18,4,0,2.521387624532947,89,10
19,4,0,3.067563736922365,83,10
20,4,0,15.806175342103934,68,13
21,4,0,24.53908866028388,56,28
22,4,0,12.927374792794009,62,13
23,4,0,19.76981620700067,52,28
0,5,1,24.35619238578174,58,17
1,5,1,9.498548662230732,14,70
2,5,1,11.512030974840194,18,62
3,5,1,20.355458981370287,24,58
4,5,1,2.082794461989652,29,46
5,5,1,7.317672810900559,16,68
6,5,1,28.78270528100316,44,39
7,5,1,21.112080974154757,53,30
8,5,1,16.499047050719568,96,10
9,5,1,5.581090493308231,85,10
10,5,1,19.345774808426814,96,10
11,5,1,19.206229761851866,52,27
12,5,1,15.71674937394502,58,26
13,5,1,10.728780322517173,52,23
14,5,1,16.52110997446604,60,16
15,5,1,23.095131644854774,43,38
16,5,1,2.5170986492829686,42,40
17,5,1,4.793876226039117,81,10
18,5,1,23.301675890349152,82,10
19,5,1,14.788270966450641,76,10
20,5,1,10.78013535673411,69,15
21,5,1,24.932687600641554,42,39
22,5,1,0.19551378484442106,44,38
23,5,1,15.293101726463881,41,37
0,6,1,21.295113858715226,46,30
1,6,1,29.805581192427926,12,67
2,6,1,8.038800492962187,18,63
3,6,1,27.428509586091007,20,55
4,6,1,22.923407349980156,17,63
5,6,1,25.826828253800834,30,53
6,6,1,2.4621827041615085,49,36
7,6,1,11.107200482203854,64,14
8,6,1,26.36062755866747,95,10
9,6,1,25.375069140608044,99,10
10,6,1,12.487266614658218,94,10
11,6,1,23.92123280633211,57,26
12,6,1,19.72795619496555,53,23
13,6,1,6.878593397845733,58,24
14,6,1,3.584259353138304,70,12
15,6,1,5.921476938405946,43,35
16,6,1,0.48197148309023663,48,37
17,6,1,27.77725005714085,88,10
18,6,1,28.72696201869577,81,10
19,6,1,9.559190639494197,70,10
20,6,1,15.319463413781824,68,17
21,6,1,26.455290598403977,66,12
22,6,1,25.20035121382172,60,16
23,6,1,7.951531651634687,61,16
0,0,0,4.462586791113098,56,22
1,0,0,21.916146138365583,26,57
2,0,0,14.374901533272723,24,60
3,0,0,24.979391501320837,22,61
4,0,0,24.295187874183675,27,51
5,0,0,5.898191643624779,16,61
6,0,0,2.5277096533749055,52,28
7,0,0,27.733599876736147,61,20
8,0,0,26.458305083833103,70,10
9,0,0,28.536833569243285,80,10
10,0,0,9.45787109440336,87,10
11,0,0,3.3957931772576866,53,26
12,0,0,27.040134612856274,63,15
13,0,0,17.435069231105192,40,37
14,0,0,15.307722230282506,52,32
15,0,0,6.730704922326876,48,27
16,0,0,7.655046181864728,53,31
17,0,0,5.190067816207371,83,10
18,0,0,3.717545913445719,71,10
19,0,0,18.131992546904012,93,10
20,0,0,28.668255900667944,60,16
21,0,0,20.46907331245423,48,32
22,0,0,6.809306982640184,48,36
23,0,0,11.80127163095233,44,32
0,1,0,3.0305604234808516,41,35
1,1,0,14.060229316106714,21,58
2,1,0,23.933320831312628,10,67
3,1,0,5.35953073282195,19,66
4,1,0,2.9725963996376645,21,62
5,1,0,9.34105985000929,13,69
6,1,0,4.345734456980837,46,36
7,1,0,24.607561347165678,40,39
8,1,0,17.86324207659518,92,10
9,1,0,25.700057922589572,86,10
10,1,0,29.426041596265705,74,10
11,1,0,6.020017539097957,65,10
12,1,0,4.214280313067693,58,22
13,1,0,2.099301722749174,70,15
14,1,0,2.040141250348879,61,24
15,1,0,16.522012219664944,45,37
16,1,0,27.996315699413444,66,15
17,1,0,19.449089472378255,93,10
18,1,0,20.491429662610457,98,10
19,1,0,19.244434355864765,73,12
20,1,0,17.040232216114102,49,30
21,1,0,2.6428452213651,67,16
22,1,0,27.65047318664111,59,26
23,1,0,4.531662623490897,42,33
0,2,0,2.845786930580422,61,15
1,2,0,28.547208828988296,14,67
2,2,0,9.664506076540714,13,72
3,2,0,18.262529175058198,26,53
4,2,0,14.22382604353732,22,54
5,2,0,10.933615294457507,12,64
6,2,0,20.121429972698223,61,17
7,2,0,11.217859506342382,45,33
8,2,0,24.904860204799732,73,10
9,2,0,26.896108252314487,89,10
10,2,0,12.144955535363199,86,10
11,2,0,23.46007329949981,40,39
12,2,0,29.804009560859924,58,20
13,2,0,27.830239318005454,45,35
14,2,0,9.448801282943146,43,37
15,2,0,1.7646015475958776,58,18
16,2,0,12.063369348238194,45,40
17,2,0,15.241935806154315,88,10
18,2,0,9.795449937956663,87,10
19,2,0,29.340120283588885,100,10
20,2,0,18.34744844030719,69,10
21,2,0,8.664408283316936,61,20
22,2,0,2.380838750086842,47,35
23,2,0,28.283256604323338,42,37
0,3,0,28.77572867699406,54,26
1,3,0,17.808990432591138,11,66
2,3,0,25.54884306056199,19,65
3,3,0,13.690011549487284,30,54
4,3,0,4.322662447180191,25,57
5,3,0,18.39385130950316,14,70
6,3,0,15.347760711991597,59,16
7,3,0,12.690941789578648,69,14
8,3,0,22.821288685212217,72,12
9,3,0,13.165449332786391,89,10
10,3,0,19.85613016339743,75,10
11,3,0,1.8031976384273218,63,13
12,3,0,13.523594503655321,67,15
13,3,0,28.420621050279948,55,30
14,3,0,12.687819603853937,43,41
15,3,0,19.627168384354853,66,19
16,3,0,6.994131994583446,48,30
17,3,0,8.28895535792155,83,10
18,3,0,27.27821132781024,99,10
19,3,0,23.665634616255797,73,10
20,3,0,6.947719911261982,43,32
21,3,0,24.63730362087077,58,27
22,3,0,26.4170076336652,52,31
23,3,0,18.85990513390099,61,16
0,4,0,17.288839664499587,57,27
1,4,0,25.456365881619817,20,57
2,4,0,28.831832287491956,11,74
3,4,0,26.285460943179935,22,56
4,4,0,25.781438006515735,11,73
5,4,0,14.017471469641869,29,47
6,4,0,16.525406274446592,40,44
7,4,0,19.493583633075925,61,21
8,4,0,29.916800992523513,82,10
9,4,0,17.212280500696163,79,10
10,4,0,14.26294447474551,86,10
11,4,0,7.964331074604377,64,13
12,4,0,5.119627770266156,53,23
13,4,0,3.565831600974799,48,30
14,4,0,28.84191029575109,57,21
15,4,0,4.3159108403851665,40,43
16,4,0,13.38673079076143,65,11
17,4,0,24.18568394533342,98,10
18,4,0,8.360006538630552,96,10
19,4,0,6.260464804557673,70,13
20,4,0,13.101410556669075,66,14
21,4,0,14.7298639960716,57,28
22,4,0,7.599726875046425,57,25
23,4,0,21.792100680991375,43,34
0,5,1,18.62407636519308,42,42
1,5,1,5.871585052659112,24,52
2,5,1,20.432691585191723,13,64
3,5,1,4.6536469302451415,11,67
4,5,1,24.15470654992682,29,54
5,5,1,27.859943506618254,24,59
6,5,1,23.777273662147806,59,24
7,5,1,28.94892176911236,70,10
8,5,1,6.3659438088684634,83,10
9,5,1,24.3645257084293,86,10
10,5,1,11.481976111840854,76,10
11,5,1,23.585400592924476,54,28
12,5,1,27.312671784402596,45,37
13,5,1,9.877287939400771,62,18
14,5,1,7.53323754295433,65,20
15,5,1,20.80064553177709,55,23
16,5,1,4.949776869821031,49,31
17,5,1,26.266454405124552,89,10
18,5,1,20.766945263728136,95,10
19,5,1,10.831756103477105,70,15
20,5,1,13.397438807487623,41,37
21,5,1,7.808901776102068,50,34
22,5,1,0.5007455702347718,57,26
23,5,1,4.795896270212738,41,37
0,6,1,26.97793680902787,42,39
1,6,1,0.32913786747132634,23,59
2,6,1,5.064083595705823,16,69
3,6,1,12.15805272379487,23,59
4,6,1,25.680454044956836,10,69
5,6,1,21.761413011371666,17,58
6,6,1,22.43942398788511,47,36
7,6,1,12.392511071591388,67,18
8,6,1,21.93107960020181,92,10
9,6,1,19.466618889512894,88,10
10,6,1,15.23338069266453,87,10
11,6,1,20.26950670753485,68,10
12,6,1,5.9752954864222785,49,34
13,6,1,5.237248698028807,66,13
14,6,1,2.3512408066052704,42,43
15,6,1,11.94612552678455,62,19
16,6,1,14.533145354321247,52,26
17,6,1,6.8632356157036645,73,10
18,6,1,6.678343679443561,79,10
19,6,1,8.429831823461672,70,15
20,6,1,19.178878170060194,66,15
21,6,1,21.113609717038976,66,15
22,6,1,22.90783770705354,60,25
23,6,1,0.4793429881486766,68,12
0,0,0,12.871854858280349,49,32
1,0,0,4.123217133448317,28,47
2,0,0,16.86951262931494,29,53
3,0,0,25.25456210679042,10,72
4,0,0,4.8148393457432315,17,68
5,0,0,9.48232647054446,30,53
6,0,0,23.5869185751333,55,21
7,0,0,28.70274161526541,54,23
8,0,0,13.132283143639937,81,10
9,0,0,28.72615453957178,99,10
10,0,0,13.04886940162123,74,10
11,0,0,19.075624345831756,54,27
12,0,0,14.444330528346667,50,28
13,0,0,8.349331195153486,57,22
14,0,0,15.015256572669575,67,14
15,0,0,0.40624435043460805,52,25
16,0,0,28.304531139464125,53,24
17,0,0,13.47136518325209,97,10
18,0,0,17.623568045148474,76,10
19,0,0,28.50936080159603,95,10
20,0,0,1.2855963573801332,69,10
21,0,0,15.468193533378182,40,38
22,0,0,0.011924263666117652,50,33
23,0,0,17.532148963468643,64,17
0,1,0,5.630490046365303,41,41
1,1,0,29.82750257727684,20,55
2,1,0,6.599827085737654,20,57
3,1,0,7.682904839935105,21,57
4,1,0,12.603078830213901,20,64
5,1,0,18.100981795264254,24,57
6,1,0,7.067796220094225,53,24
7,1,0,22.406345685546675,55,30
8,1,0,23.82981356874796,97,10
9,1,0,0.5586164850750308,96,10
10,1,0,0.8815576496881161,98,10
11,1,0,1.5900665999997798,54,25
12,1,0,18.633164113548702,56,28
13,1,0,1.9957916253886243,61,23
14,1,0,11.283849958122993,55,20
15,1,0,26.60976537122486,43,32
16,1,0,26.494847624925022,41,43
17,1,0,24.2403119045761,93,10
18,1,0,10.64510336764921,84,10
19,1,0,24.868988084820643,93,10
20,1,0,17.032650313403426,55,27
21,1,0,15.882156044031305,63,14
22,1,0,8.054776855671493,57,25
23,1,0,10.958575790484367,64,20
0,2,0,4.176153737347409,61,18
1,2,0,21.303181865061916,14,69
2,2,0,5.856516821571227,20,60
3,2,0,15.526063286846819,23,53
4,2,0,6.132941544899081,23,56
5,2,0,24.176079727906057,20,55
6,2,0,11.13416276694713,68,10
7,2,0,29.419764772643553,52,23
8,2,0,10.046890042052139,78,10
9,2,0,26.172303742045564,72,13
10,2,0,7.563271430297202,91,10
11,2,0,15.842776346969268,60,21
12,2,0,25.514861067204983,68,16
13,2,0,20.864703411681027,55,21
14,2,0,5.949106323074029,68,15
15,2,0,13.904229282104556,46,38
16,2,0,7.40810746358632,45,31
17,2,0,29.9182763726063,90,10
18,2,0,7.760435048726698,89,10
19,2,0,17.819218029040925,86,10
20,2,0,11.057551565837787,62,13
21,2,0,18.724293688640408,69,10
22,2,0,26.740459916818537,48,37
23,2,0,29.815171976698828,47,35
0,3,0,2.0212652628780967,54,30
1,3,0,9.939011403688244,25,55
2,3,0,23.955797060500714,23,60
3,3,0,6.682820362827137,27,48
4,3,0,0.329555672353834,19,64
5,3,0,20.658671876290946,16,64
6,3,0,28.044506809870235,48,27
7,3,0,1.460294787044174,64,20
8,3,0,24.66855954429815,84,10
9,3,0,25.53855736794131,80,10
10,3,0,26.694095057814536,80,10
11,3,0,26.564413921080245,66,19
12,3,0,10.330298643894965,53,24
13,3,0,18.935033155450803,70,15
14,3,0,4.6262582516336215,63,22
15,3,0,10.738599467631149,57,19
16,3,0,16.18113447948308,70,11
17,3,0,19.05333090413109,71,10
18,3,0,3.2258128019172827,91,10
19,3,0,21.14201406083763,89,10
20,3,0,25.276707901801267,56,23
21,3,0,16.76929339475653,57,22
22,3,0,25.268479665044985,69,14
23,3,0,22.12364224135809,52,30
0,4,0,19.147763100860256,43,36
1,4,0,0.41442576076101467,11,67
2,4,0,16.065977888548986,28,52
3,4,0,10.771269819052524,28,50
4,4,0,26.369446360510025,16,63
5,4,0,3.1859177147508575,30,53
6,4,0,27.171171727966854,56,27
7,4,0,3.2777540984581632,47,37
8,4,0,18.106266698113387,72,10
9,4,0,1.7166515933999504,97,10
10,4,0,28.043742117408936,93,10
11,4,0,24.178544790548088,70,13
12,4,0,27.81992592858169,42,33
13,4,0,6.072124367129269,56,27
14,4,0,12.271152406043646,55,20
15,4,0,26.486715071301504,49,26
16,4,0,28.14824578903586,41,36
17,4,0,27.324713437528168,79,10
18,4,0,22.31998245026236,74,10
19,4,0,29.775830644420747,77,10
20,4,0,8.535909771683238,45,33
21,4,0,23.927985117782523,58,17
22,4,0,24.722508270388236,61,20
23,4,0,24.251873410271138,65,11
0,5,1,16.105047579842182,51,33
1,5,1,15.617187206787351,14,63
2,5,1,27.85296744495326,11,71
3,5,1,20.925789552315063,11,70
4,5,1,7.120462821990541,12,63
5,5,1,22.80390912150263,10,65
6,5,1,10.18358848569237,57,24
7,5,1,8.413329484670912,65,13
8,5,1,16.547626264663865,91,10
9,5,1,21.030021376933746,97,10
10,5,1,13.074605188212233,70,12
11,5,1,4.27296687292727,46,33
12,5,1,20.338406697566512,66,10
13,5,1,3.2079905887479088,52,24
14,5,1,18.238788457973254,69,10
15,5,1,20.582888704013058,69,13
16,5,1,10.287147800428396,58,18
17,5,1,21.484390350852745,100,10
18,5,1,0.5949898075416304,82,10
19,5,1,7.647245092468008,78,10
20,5,1,5.8014308709550955,51,28
21,5,1,10.039143943883527,58,24
22,5,1,27.97977535962861,40,39
23,5,1,27.785602429404488,65,16
0,6,1,19.41474579572037,46,30
1,6,1,21.643198436319228,12,64
2,6,1,11.502428696549192,23,59
3,6,1,12.88902758966207,14,70
4,6,1,8.582984020052356,21,64
5,6,1,6.445639927727481,17,58
6,6,1,1.8014278310872356,61,18
7,6,1,9.177908864642397,58,20
8,6,1,2.484854365412723,77,10
9,6,1,23.10864042406801,84,10
10,6,1,20.214677536327976,74,10
11,6,1,1.4956451833767026,44,40
12,6,1,17.27959746350822,47,38
13,6,1,9.875949290446622,69,10
14,6,1,13.10798328755941,48,33
15,6,1,3.717099011350442,46,29
16,6,1,26.106371602729592,67,14
17,6,1,27.007511899227552,94,10
18,6,1,16.34755737587465,95,10
19,6,1,9.979693261856491,96,10
20,6,1,9.63642841351246,70,10
21,6,1,21.666885099184366,64,13
22,6,1,22.694128258240156,66,15
23,6,1,7.8464534289975845,50,29
0,0,0,25.901254732318417,49,32
1,0,0,1.6075441876309737,11,66
2,0,0,24.657066458278816,15,69
3,0,0,15.477370270132603,15,63
4,0,0,29.751673623553103,26,54
5,0,0,22.35987981316545,27,50
6,0,0,25.95795666262732,67,15
7,0,0,19.716361503682727,48,32
8,0,0,15.400951954720725,87,10
9,0,0,4.344299000502572,88,10
10,0,0,17.234682931044738,80,10
11,0,0,23.202960685434746,46,32
12,0,0,8.932624545764304,61,19
13,0,0,4.857462960353091,61,17
14,0,0,3.237245310617806,61,21
15,0,0,5.694359845045977,43,39
16,0,0,10.952302020905718,48,27
17,0,0,11.22871345727191,97,10
18,0,0,11.615302590353556,100,10
19,0,0,7.347932801300408,84,10
20,0,0,23.634007821256546,60,16
21,0,0,19.984161089256396,54,27
22,0,0,22.00374479002433,55,20
23,0,0,6.1245892167828595,56,29
0,1,0,11.879009591584408,60,20
1,1,0,12.077750919891523,21,64
2,1,0,1.8630966406060157,24,59
3,1,0,23.14368358134586,15,61
4,1,0,7.244831795891376,15,70
5,1,0,14.002620773742894,24,53
6,1,0,12.319706211724942,56,20
7,1,0,22.87676846684301,62,16
8,1,0,25.282667055598978,94,10
9,1,0,7.072219047459622,87,10
10,1,0,2.4099204060405377,93,10
11,1,0,25.060187528287592,44,38
12,1,0,25.574931229783807,60,18
13,1,0,24.39583637172409,44,32
14,1,0,25.312999742947483,54,31
15,1,0,1.6150252220382633,44,37
16,1,0,10.094186529494104,42,40
17,1,0,17.57076246930144,96,10
18,1,0,21.339862517454257,80,10
19,1,0,2.908845625806924,71,10
20,1,0,6.542161947725775,49,28
21,1,0,29.49426745858643,47,31
22,1,0,22.617224706945425,63,13
23,1,0,11.79575896180728,65,19
0,2,0,17.390802050440506,53,22
1,2,0,9.497828649453341,10,67
2,2,0,18.227302335459548,21,55
3,2,0,27.458335375320956,30,55
4,2,0,17.78195254688186,15,67
5,2,0,8.94902551761978,17,61
6,2,0,29.471644388695523,54,29
7,2,0,26.161870053359138,62,14
8,2,0,12.64358181703225,92,10
9,2,0,10.459695950755926,82,10
10,2,0,15.621979925384238,75,10
11,2,0,15.624820368551548,61,24
12,2,0,1.4805054703283638,51,34
13,2,0,26.914127791909085,48,30
14,2,0,5.605305308192989,49,29
15,2,0,4.058919501471476,42,41
16,2,0,25.413603858845445,47,28
17,2,0,20.071244932111348,71,10
18,2,0,28.670584525066953,76,10
19,2,0,19.545964676407742,95,10
20,2,0,22.670872056847095,52,32
21,2,0,13.36756570894529,69,13
22,2,0,16.05072797027615,64,17
23,2,0,2.7885052822560983,44,33
0,3,0,15.180010207975275,59,26
1,3,0,23.538250339335896,19,65
2,3,0,24.55080715446417,19,65
3,3,0,8.558393793441097,15,69
4,3,0,21.109591870486668,23,53
5,3,0,23.01914267465416,12,71
6,3,0,0.6081496041080448,43,33
7,3,0,17.144945556504293,50,25
8,3,0,19.772447988635346,76,10
9,3,0,0.48758287006367085,81,10
10,3,0,19.62484129215175,70,10
11,3,0,22.51874232323769,50,30
12,3,0,27.95771697530601,67,18
13,3,0,29.365750574042057,45,37
14,3,0,11.734865905597118,45,40
15,3,0,16.19954067113617,58,18
16,3,0,13.765199013322155,64,18
17,3,0,29.095544433941143,84,10
18,3,0,2.9936650238404825,97,10
19,3,0,2.406682422454037,94,10
20,3,0,8.778510014088521,48,27
21,3,0,27.88334576691142,49,31
22,3,0,7.878070989632784,42,43
23,3,0,22.247636154926084,56,27
0,4,0,5.747981969539502,41,36
1,4,0,27.325104060319774,15,61
2,4,0,8.415194343510803,12,66
3,4,0,11.970058290441902,24,58
4,4,0,24.52505926609883,11,71
5,4,0,9.373002686225831,14,65
6,4,0,13.856379066764594,58,24
7,4,0,24.33738840957765,60,19
8,4,0,12.409269082478378,78,10
9,4,0,13.916638268361616,71,10
10,4,0,29.90378992823348,89,10
11,4,0,4.400717595022296,40,35
12,4,0,29.305288222374774,51,30
13,4,0,10.333228970726577,43,32
14,4,0,0.1366634136169731,65,10
15,4,0,22.834270600028972,65,13
16,4,0,15.645749450161432,42,34
17,4,0,11.720562435888214,93,10
18,4,0,15.218899464236651,78,10
19,4,0,9.661192769972294,82,10
20,4,0,17.385379489356737,61,21
21,4,0,25.824892453716437,47,28
22,4,0,16.382968671937636,58,23
23,4,0,19.720441415591225,66,15
0,5,1,10.33555096882246,64,16
1,5,1,24.719323858178022,20,57
2,5,1,25.441397554749337,18,58
3,5,1,23.22185880516291,25,55
4,5,1,20.55391685302731,14,69
5,5,1,2.4691937111403828,23,56
6,5,1,14.957660534403212,58,23
7,5,1,5.857036659240318,57,20
8,5,1,7.837509632236132,93,10
9,5,1,27.655097627186162,80,10
10,5,1,11.859990297992924,95,10
11,5,1,6.984718005844933,65,12
12,5,1,21.630478503032048,62,13
13,5,1,27.66603521880276,49,29
14,5,1,3.051290776245239,69,13
15,5,1,22.077005787187442,68,10
16,5,1,9.122211504045506,61,15
17,5,1,10.227100391617542,95,10
18,5,1,11.271225082745017,83,10
19,5,1,20.196583699481856,97,10
20,5,1,27.783041238356606,46,37
21,5,1,10.56437371738923,49,35
22,5,1,5.897241890751892,50,33
23,5,1,29.12971015202787,62,15
0,6,1,16.600602612294367,49,26
1,6,1,21.03629626062054,26,49
2,6,1,1.5762550854908663,18,65
3,6,1,27.07746127163268,25,56
4,6,1,28.061076063229386,22,58
5,6,1,27.87352377593014,10,70
6,6,1,2.3021768712123993,64,12
7,6,1,0.5154315334820914,43,40
8,6,1,3.944831281061758,86,10
9,6,1,0.44718136713640666,73,10
10,6,1,23.94618498066312,83,10
11,6,1,3.4569322073529065,68,17
12,6,1,12.222728487432711,49,27
13,6,1,29.41101118739559,45,31
14,6,1,18.811842330275148,68,16
15,6,1,25.79502010687306,40,38
16,6,1,19.33499045634584,47,32
17,6,1,5.337173675804763,95,10
18,6,1,21.477097823354626,73,10
19,6,1,26.915751928064545,88,10
20,6,1,3.546745697727159,63,17
21,6,1,22.28623128794608,64,19
22,6,1,27.858546771347854,62,18
23,6,1,6.982843181407845,50,32
0,0,0,12.65905589172301,47,35
1,0,0,1.3406594236559555,13,72
2,0,0,23.905102749131967,24,58
3,0,0,7.760371787182878,21,54
4,0,0,25.43566371595623,17,60
5,0,0,22.15225270939188,14,66
6,0,0,4.761956555151176,44,34
7,0,0,6.749256006883481,47,38
8,0,0,27.39214748980188,95,10
9,0,0,23.86276202417295,78,10
10,0,0,27.19296048282329,88,10
11,0,0,16.238851035446025,41,36
12,0,0,17.990530442941605,47,30
13,0,0,7.866053350202309,59,17
14,0,0,26.749686519806765,64,19
15,0,0,23.96837858158364,51,27
16,0,0,13.383154388609093,49,35
17,0,0,7.581512160811109,89,10
18,0,0,27.021232875863582,84,10
19,0,0,3.615597162221247,79,10
20,0,0,28.852815587180814,65,15
21,0,0,22.13915037831304,43,42
22,0,0,12.497695308609192,67,16
23,0,0,24.62380128336869,45,35
0,1,0,18.14408264790747,68,17
1,1,0,0.5334628870950586,12,66
2,1,0,21.810501225037235,10,68
3,1,0,9.906137229370259,30,46
4,1,0,7.040408433507269,10,70
5,1,0,9.49343758382948,26,49
6,1,0,10.161172989912824,53,30
7,1,0,11.189969693332404,54,24
8,1,0,2.6276883009803487,98,10
9,1,0,19.481934742443627,92,10
10,1,0,5.991856650377604,88,10
11,1,0,19.75471361142278,61,14
12,1,0,15.472785748612097,69,10
13,1,0,16.15241015695043,65,20
14,1,0,9.666369339614144,63,19
15,1,0,8.973300575747343,54,30
16,1,0,18.412967385904334,45,34
17,1,0,19.802330822463038,85,10
18,1,0,10.268833420047375,86,10
19,1,0,8.467665443793788,84,10
20,1,0,18.587425579300493,69,10
21,1,0,15.167239041192845,65,11
22,1,0,13.931827867579347,69,12
23,1,0,4.878926209618997,44,38
0,2,0,25.52324296594974,49,29
1,2,0,11.754657830202111,28,52
2,2,0,13.055189653703003,25,51
3,2,0,5.205613319880492,15,69
4,2,0,4.602079138767162,30,45
5,2,0,5.217194488075606,21,55
6,2,0,22.58296378033071,43,37
7,2,0,22.781212084427693,57,26
8,2,0,2.101650879374489,95,10
9,2,0,28.55087192810274,91,10
10,2,0,1.5201090488803881,90,10
11,2,0,6.483332360184896,67,15
12,2,0,14.285706515547885,53,30
13,2,0,23.33972895238975,55,28
14,2,0,11.691581462716584,49,28
15,2,0,24.272726739435793,50,31
16,2,0,2.4914372817414785,63,21
17,2,0,10.91949033050249,91,10
18,2,0,26.099905159299723,90,10
19,2,0,11.842282902077756,83,10
20,2,0,20.158849752396733,65,18
21,2,0,17.941359718135686,54,25
22,2,0,11.724773471379748,68,10
23,2,0,12.385773457288252,52,31
0,3,0,25.424096001490025,59,16
1,3,0,21.471013418543688,28,50
2,3,0,23.072039371063468,17,66
3,3,0,18.615743443315083,30,54
4,3,0,11.003621908021294,28,54
5,3,0,8.339720836431306,19,56
6,3,0,9.617052634464972,58,17
7,3,0,17.414190178491122,44,33
8,3,0,2.595161816800986,73,10
9,3,0,13.286728912993084,92,10
10,3,0,22.109583296249625,80,10
11,3,0,3.7584453052186486,40,36
12,3,0,7.688562829141116,63,22
13,3,0,1.569833530839444,52,32
14,3,0,15.227126915681556,68,17
15,3,0,16.3285870439976,56,24
16,3,0,3.0137755188926754,47,31
17,3,0,12.093117571930195,75,10
18,3,0,12.493047183698124,75,10
19,3,0,4.981527538701011,74,10
20,3,0,8.382316190319832,67,15
21,3,0,1.744582151364289,66,11
22,3,0,28.57180428805149,63,15
23,3,0,27.252027537853223,65,11
0,4,0,15.987549990769002,46,35
1,4,0,0.5360171638610967,16,65
2,4,0,29.526743563445034,28,48
3,4,0,0.16532749233659438,13,71
4,4,0,14.470314395066739,18,59
5,4,0,5.9277829672699225,23,57
6,4,0,0.9239417355392188,51,28
7,4,0,28.21465875357716,54,31
8,4,0,25.52055892659629,74,10
9,4,0,20.12878192938005,70,10
10,4,0,22.975572735287038,98,10
11,4,0,17.817537536413226,53,29
12,4,0,24.853842097808236,62,22
13,4,0,1.0716093244302938,70,10
14,4,0,10.137737466334782,50,33
15,4,0,4.826345650936741,43,34
16,4,0,26.496438647134667,48,32
17,4,0,9.233625092777546,72,10
18,4,0,1.181165369842383,77,10
19,4,0,12.732184581312998,83,10
20,4,0,28.044774028252743,68,14
21,4,0,5.713816572063697,53,24
22,4,0,21.2649340077009,45,37
23,4,0,11.219007847191893,52,30
0,5,1,10.812091545762804,41,39
1,5,1,8.721865087899834,10,69
2,5,1,21.774994616556157,13,63
3,5,1,9.556049614517004,15,68
4,5,1,27.360616537335098,13,63
5,5,1,25.759729364738195,13,67
6,5,1,6.700447475784461,50,28
7,5,1,5.370441012461624,56,22
8,5,1,10.396625197430517,73,10
9,5,1,19.54710397004274,100,10
10,5,1,13.28765676496699,86,10
11,5,1,25.93388382765293,66,19
12,5,1,2.5409017428546834,40,40
13,5,1,19.395470201416003,54,26
14,5,1,26.04433883800052,40,44
15,5,1,22.638690541692064,45,40
16,5,1,25.475457488772285,52,33
17,5,1,16.409056958447966,92,10
18,5,1,27.52156421832155,71,10
19,5,1,23.968933909394217,89,10
20,5,1,25.151064065270138,66,18
21,5,1,18.39653188222638,69,10
22,5,1,12.422244804605212,60,22
23,5,1,17.614518800210938,67,15
0,6,1,25.728820240251768,62,21
1,6,1,21.24745295392347,29,48
2,6,1,13.64799583408459,26,56
3,6,1,21.060380746871616,25,55
4,6,1,0.11030682615696286,11,69
5,6,1,1.3573258895325402,29,50
6,6,1,22.249848413912602,50,33
7,6,1,3.772571994341046,60,19
8,6,1,24.35711198081158,74,10
9,6,1,15.885938865439526,73,11
10,6,1,15.59567972226938,93,10
11,6,1,9.989737079861552,48,27
12,6,1,1.4418515919272368,40,42
13,6,1,10.894496770225151,47,38
14,6,1,16.56085057702724,64,15
15,6,1,9.028260459712547,60,22
16,6,1,22.06387728896583,40,43
17,6,1,3.5578524261366984,98,10
18,6,1,21.520076034929154,88,10
19,6,1,6.638639361464057,76,10
20,6,1,18.91325757145531,51,27
21,6,1,14.203449440512637,54,27
22,6,1,21.842107710420724,59,26
23,6,1,17.09819666513395,64,11
0,0,0,8.164835072946172,60,23
1,0,0,1.7547463437535693,13,64
2,0,0,3.788499295904464,27,49
3,0,0,24.76404416337996,20,56
4,0,0,28.95136947563541,12,66
5,0,0,2.5707509807899678,18,64
6,0,0,25.854922750689436,57,28
7,0,0,17.52737622593156,53,25
8,0,0,14.093941796722152,87,10
9,0,0,8.770095616457242,94,10
10,0,0,22.296968509624637,78,10
11,0,0,4.304121694400416,66,13
12,0,0,1.2986951366727806,45,34
13,0,0,24.39263477099775,51,29
14,0,0,11.245169382636707,65,13
15,0,0,24.595527659573996,41,39
16,0,0,20.557062246086968,67,16
17,0,0,22.031784325503846,75,10
18,0,0,11.023695767146954,98,10
19,0,0,11.028324374391271,100,10
20,0,0,12.96237570908667,53,31
21,0,0,26.61021869334311,46,31
22,0,0,11.304115570298665,47,29
23,0,0,19.83714611475309,53,30
0,1,0,7.409608940160659,43,33
1,1,0,2.308713544570459,29,52
2,1,0,7.397120407224948,23,54
3,1,0,4.893734831504679,17,65
4,1,0,22.303727161722747,29,47
5,1,0,18.66124484837614,18,64
6,1,0,2.395278469041685,52,31
7,1,0,5.516928272369847,41,39
8,1,0,11.734382411142551,90,10
9,1,0,0.015297959892700552,73,10
10,1,0,15.589045249354236,99,10
11,1,0,7.3820165748915585,66,18
12,1,0,23.52999702596068,69,10
13,1,0,20.585033436408754,50,27
14,1,0,10.450040451603261,53,22
15,1,0,9.723477629850422,48,28
16,1,0,4.9453780509203105,66,13
17,1,0,3.243248781695567,86,10
18,1,0,24.77364669410224,89,10
19,1,0,24.023811045307475,88,10
20,1,0,16.203578015801387,45,34
21,1,0,18.342724388305196,50,26
22,1,0,15.158468103485516,56,27
23,1,0,1.525562779527705,41,36
0,2,0,6.391859424968484,60,16
1,2,0,23.705344051625687,23,60
2,2,0,22.953686079179377,28,56
3,2,0,16.08546855878697,29,55
4,2,0,12.578141007993429,19,57
5,2,0,12.972362634074203,11,67
6,2,0,19.389649809516687,52,30
7,2,0,12.344239464508085,65,15
8,2,0,8.955362699668,97,10
9,2,0,27.1716431201388,74,10
10,2,0,23.738422710868825,79,10
11,2,0,0.1909183938378911,62,14
12,2,0,2.47787617318711,69,14
13,2,0,25.97439936294565,54,23
14,2,0,7.562946684802832,50,25
15,2,0,26.297322250270554,61,16
16,2,0,9.754132603101231,47,29
17,2,0,1.0719877650443599,85,10
18,2,0,20.46918649968663,75,10
19,2,0,13.209455426877165,89,10
20,2,0,9.524320072496048,49,33
21,2,0,0.9035818183541755,53,26
22,2,0,5.130634741067018,51,32
23,2,0,20.58725912841315,55,20
0,3,0,24.358507521117613,48,30
1,3,0,23.42028021995129,22,63
2,3,0,1.1540321673845189,10,72
3,3,0,11.978677288547413,11,67
4,3,0,1.19578644976844,21,58
5,3,0,6.15058155230662,28,57
6,3,0,23.882403124896584,64,13
7,3,0,19.401753404318892,40,42
8,3,0,9.9701271825748,95,10
9,3,0,4.662012512910108,84,10
10,3,0,2.7647614341500573,91,10
11,3,0,2.695288090945226,59,22
12,3,0,21.299740416660395,63,20
13,3,0,27.538811562690377,65,20
14,3,0,7.180473065444952,52,26
15,3,0,28.661649711048195,58,24
16,3,0,22.529280573315386,70,15
17,3,0,21.839353626749542,93,10
18,3,0,18.767945652850944,77,10
19,3,0,18.950381527761465,93,10
20,3,0,11.105872588620421,55,22
21,3,0,8.75946269136053,64,13
22,3,0,9.825940436233768,65,20
23,3,0,25.72850282306687,54,21
0,4,0,4.799683852850961,45,34
1,4,0,16.871045487792458,16,60
2,4,0,1.4554780143632084,11,74
3,4,0,11.914061158496164,14,68
4,4,0,3.183892760290903,14,66
5,4,0,24.98878582610155,30,45
6,4,0,18.42166035702956,66,11
7,4,0,1.6995366695382719,53,28
8,4,0,21.09114063776769,88,10
9,4,0,22.69672420709478,71,13
10,4,0,13.655640107531815,79,10
11,4,0,28.448291977982144,46,29
12,4,0,11.921451288726159,60,18
13,4,0,20.88697323051834,65,14
14,4,0,16.504099787304295,40,43
15,4,0,20.71144440896178,41,39
16,4,0,5.672840290953786,57,23
17,4,0,28.017308155574565,73,10
18,4,0,28.59631359989698,95,10
19,4,0,16.860911180930685,90,10
20,4,0,16.962797164001863,70,10
21,4,0,18.09055009138267,60,15
22,4,0,3.0802209208909517,49,29
23,4,0,17.505389587159442,42,40
0,5,1,23.359785497469254,70,12
1,5,1,21.052825617367052,27,53
2,5,1,10.755453195115473,23,59
3,5,1,27.337216749536008,21,64
4,5,1,10.695150888466959,15,68
5,5,1,20.18455948165742,24,61
6,5,1,7.195172645945687,50,33
7,5,1,4.976342941643898,41,39
8,5,1,9.721455963597707,96,10
9,5,1,23.878322692669016,96,10
10,5,1,12.642704407404747,80,10
11,5,1,23.5856353303318,63,22
12,5,1,29.080316022832832,57,19
13,5,1,22.534330015956915,53,23
14,5,1,14.73567126775648,43,32
15,5,1,15.474087016093652,65,13
16,5,1,9.096810417183505,61,24
17,5,1,6.962139907901264,71,10
18,5,1,25.396881461332402,80,10
19,5,1,8.163154396728999,71,12
20,5,1,25.64569424285511,65,17
21,5,1,17.148655926434678,51,29
22,5,1,21.41405780056869,70,12
23,5,1,29.193823707536023,64,14
0,6,1,18.960062013980863,69,10
1,6,1,15.914895166142504,29,46
2,6,1,10.426518709926299,27,49
3,6,1,11.626795585474765,12,70
4,6,1,12.921316929791725,26,58
5,6,1,21.542099186032072,10,73
6,6,1,23.66991074899343,53,28
7,6,1,12.520049780532206,43,37
8,6,1,17.57583601601925,90,10
9,6,1,18.460537673295935,96,10
10,6,1,29.90414983978839,85,10
11,6,1,5.552952732154574,41,37
12,6,1,15.982359997183861,53,31
13,6,1,26.163978851437133,69,14
14,6,1,27.676822543471005,46,32
15,6,1,13.719662216479643,50,30
16,6,1,25.55382103730011,64,12
17,6,1,15.441385378289144,100,10
18,6,1,1.111986590890438,88,10
19,6,1,27.850374508531743,92,10
20,6,1,5.1612946932642085,63,22
21,6,1,22.455495448400864,59,16
22,6,1,19.824061632966817,55,28
23,6,1,5.822664832295327,53,27
0,0,0,5.574078060257333,49,28
1,0,0,2.310472685061371,17,68
2,0,0,27.58438102961683,14,64
3,0,0,0.2535153071635221,17,63
4,0,0,28.827822032286804,19,61
5,0,0,11.053134482671068,27,55
6,0,0,5.252465504716718,40,39
7,0,0,17.329792233922014,70,10
8,0,0,15.001472115209943,79,10
9,0,0,13.984340187309833,94,10
10,0,0,28.845736589059875,70,10
11,0,0,13.011397844892523,58,24
12,0,0,3.3056677010948263,61,19
13,0,0,16.749434333596042,54,22
14,0,0,8.486613938634076,56,29
15,0,0,22.993093726269553,46,38
16,0,0,21.758736571106713,52,23
17,0,0,1.7003226793676218,84,10
18,0,0,6.348421917968933,88,10
19,0,0,0.23673348175164644,71,13
20,0,0,27.890615947924957,65,20
21,0,0,10.105599977090726,57,28
22,0,0,15.69073594566381,61,15
23,0,0,8.960406223702728,50,27
0,1,0,15.181992494943954,44,41
1,1,0,0.29622008176323433,18,64
2,1,0,3.9671953583836697,25,53
3,1,0,1.319502854333321,16,69
4,1,0,1.9682525256695649,30,46
5,1,0,5.392413640864406,29,56
6,1,0,2.454127495875956,67,10
7,1,0,18.742563761184808,64,17
8,1,0,19.63015776180063,89,10
9,1,0,8.029103260825838,78,10
10,1,0,24.070760594417482,96,10
11,1,0,29.915341158710536,53,30
12,1,0,24.36509546740606,70,10
13,1,0,7.67901250438681,69,10
14,1,0,13.415032409550195,66,14
15,1,0,8.940447883486684,58,21
16,1,0,25.5949959652533,57,24
17,1,0,4.53268615976528,96,10
18,1,0,7.013991286288402,85,10
19,1,0,4.618676920695348,70,15
20,1,0,6.3445554270805795,47,34
21,1,0,20.102520922180656,66,12
22,1,0,5.266507161584132,42,37
23,1,0,22.39715854348166,62,21
0,2,0,4.606690864097219,42,33
1,2,0,14.582632646409536,21,54
2,2,0,27.064320309161232,30,47
3,2,0,18.144590416138584,15,61
4,2,0,6.836852361478521,18,57
5,2,0,3.707179091898589,15,64
6,2,0,10.698759590770317,54,26
7,2,0,28.61332017081719,41,42
8,2,0,11.98478916591204,79,10
9,2,0,14.53124013400554,86,10
10,2,0,7.32114951596356,96,10
11,2,0,13.469799920327672,58,18
12,2,0,6.989016002041868,40,45
13,2,0,10.720658586153018,42,34
14,2,0,8.685187411223815,68,16
15,2,0,25.578119887787683,52,26
16,2,0,24.456085688356865,50,28
17,2,0,15.825501840930277,92,10
18,2,0,29.32017856299585,96,10
19,2,0,1.4817983802581647,82,10
20,2,0,7.954253145363954,60,23
21,2,0,12.938583173187432,68,10
22,2,0,21.697105090269343,51,27
23,2,0,17.377736425617222,54,25
0,3,0,19.863211292468215,47,35
1,3,0,27.458230533496536,11,73
2,3,0,4.271043442113802,23,52
3,3,0,8.934768076850853,18,64
4,3,0,8.418566667930529,11,65
5,3,0,29.97005274853634,30,50
6,3,0,22.826632448480133,52,33
7,3,0,4.367192857773549,40,45
8,3,0,14.294898569330961,90,10
9,3,0,20.43157717455663,96,10
10,3,0,15.676209509632034,72,10
11,3,0,16.1791294514371,64,14
12,3,0,19.155692892241166,40,44
13,3,0,11.012935242281968,43,38
14,3,0,0.9928042786847124,43,42
15,3,0,22.53631761192968,48,33
16,3,0,7.197966976386919,48,36
17,3,0,20.975210091302387,91,10
18,3,0,19.804302655036597,79,10
19,3,0,13.443358029349945,91,10
20,3,0,11.038558795980977,56,29
21,3,0,6.133486260386411,57,19
22,3,0,24.783701946373935,54,21
23,3,0,2.5958229481789963,47,33
0,4,0,16.650571426059376,49,28
1,4,0,23.539370993134394,18,61
2,4,0,11.329533412356277,21,56
3,4,0,4.453418831030077,21,60
4,4,0,5.669539307592959,10,75
5,4,0,13.862060315461012,19,57
6,4,0,4.231431061441415,59,20
7,4,0,23.54393958837473,70,15
8,4,0,24.229985699051053,92,10
9,4,0,2.349563825048644,80,10
10,4,0,23.555176139844868,75,10
11,4,0,28.728758380762063,53,31
12,4,0,20.334322365875256,55,20
13,4,0,19.79801102350191,63,22
14,4,0,11.022304165275388,48,27
15,4,0,4.906811044866916,43,36
16,4,0,14.990219532004144,69,15
17,4,0,21.685256726908282,93,10
18,4,0,13.004280494429503,77,10
19,4,0,0.24250369097952862,94,10
20,4,0,16.924001069972906,40,43
21,4,0,21.211953642517503,55,26
22,4,0,21.9869888869082,60,17
23,4,0,1.2685130558993085,46,34
0,5,1,9.415579076098295,47,37
1,5,1,7.823097275962266,26,54
2,5,1,6.157950888978898,10,65
3,5,1,6.41716226247822,12,66
4,5,1,19.46803768844965,26,53
5,5,1,0.06659711084574749,25,51
6,5,1,9.484703542596911,62,22
7,5,1,20.34136899866869,67,13
8,5,1,27.033121435504153,74,10
9,5,1,22.626039114478463,77,10
10,5,1,6.9738506562433304,93,10
11,5,1,3.484028333382563,41,34
12,5,1,7.2648686166082435,61,24
13,5,1,6.46256732964087,59,19
14,5,1,29.993024418223428,41,37
15,5,1,4.018412873916709,43,39
16,5,1,25.890892892150372,66,17
17,5,1,17.927940286446912,88,10
18,5,1,1.499800486870294,84,10
19,5,1,3.3877003111028383,71,10
20,5,1,0.7165629918027783,64,20
21,5,1,14.936387186954704,58,20
22,5,1,2.5249884569429613,50,27
23,5,1,1.3247986586082716,48,27
0,6,1,2.0028825357261084,66,11
1,6,1,29.958772618682936,11,73
2,6,1,25.449983861759538,21,58
3,6,1,28.539519903299578,21,59
4,6,1,21.91820384649204,10,65
5,6,1,22.324562198412412,29,49
6,6,1,25.59125013104201,50,30
7,6,1,9.21562093401368,61,23
8,6,1,8.256488989720106,94,10
9,6,1,13.265965648981675,75,10
10,6,1,14.547411069910341,93,10
11,6,1,12.54972031584558,58,20
12,6,1,21.58971380101695,63,19
13,6,1,21.262768557307346,54,23
14,6,1,12.38931901300542,42,33
15,6,1,17.328030149012804,54,29
16,6,1,26.301703524342656,53,31
17,6,1,26.352331026663684,81,10
18,6,1,20.218983866585372,98,10
19,6,1,4.917567692180466,77,10
20,6,1,18.15619262125986,47,32
21,6,1,12.843929831331891,67,13
22,6,1,18.299160059046287,66,15
23,6,1,22.832711222126967,50,35
0,0,0,28.1807886644971,49,35
1,0,0,28.9652777688275,16,64
2,0,0,18.249950784243815,14,67
3,0,0,21.03697751372098,23,59
4,0,0,11.374073425514394,28,51
5,0,0,19.216073456241027,10,75
6,0,0,14.594700072173573,44,33
7,0,0,17.099330931007298,40,39
8,0,0,14.049331830912497,74,10
9,0,0,17.253394289973492,93,10
10,0,0,5.953574134702285,75,10
11,0,0,17.1196579814841,50,26
12,0,0,9.488557018055134,66,12
13,0,0,3.826479385186272,50,30
14,0,0,8.49257626453995,58,18
15,0,0,9.664211238369994,48,34
16,0,0,29.85482194338921,63,19
17,0,0,22.262126610240244,99,10
18,0,0,9.472070742589413,99,10
19,0,0,14.957544833872042,96,10
20,0,0,3.5675255445969576,49,33
21,0,0,8.849941632273149,69,12
22,0,0,27.354207681952044,44,41
23,0,0,21.75391439480679,41,37
